Location,Ward/Branch,Stake,# of Adult Volunteers,# of Youth Volunteers,Doors in Route,Donation Bags Collected,Routes Completed,Neighbourhood,Assessed Value,Time Spent,Latitude,Longitude,New Route Number/Name,Cluster
Londonberry Chapel,Clareview Ward,Bonnie Doon Stake,1,0,1,1,1,CLAREVIEW,837500.0,30,53.55056740256591,-113.4548124,Bonnie Doon Stake 1,2
Gateway Stake Centre ,Lee Ridge Ward,Gateway Stake,2,2,20,20,1,LEE RIDGE,28618500.0,30,53.47232073,-113.4502878,Gateway Stake 2,1
Bonnie Doon Stake Centre,Forest Heights Ward,Bonnie Doon Stake,2,2,20,15,1,FOREST HEIGHTS,837500.0,30,53.55056740256592,-113.4548124,Bonnie Doon Stake 2,2
Bearspaw Chapel,Lee Ridge Ward,Gateway Stake,2,3,144,25,2,LEE RIDGE,28618500.0,60,53.47232073,-113.4502878,Gateway Stake 3,1
Gateway Stake Centre ,Silver Berry Ward,Gateway Stake,1,0,230,21,1,SILVER BERRY,162000.0,60,53.45921603129749,-113.3818037,Gateway Stake 4,1
Bonnie Doon Stake Centre,Forest Heights Ward,Bonnie Doon Stake,2,0,75,7,1,FOREST HEIGHTS,837500.0,30,53.55056740256592,-113.4548124,Bonnie Doon Stake 3,2
Gateway Stake Centre ,Crawford Plains Ward,Gateway Stake,2,0,280,32,2,CRAWFORD PLAINS,140000.0,60,53.44341912235957,-113.4026104,Gateway Stake 5,1
Londonberry Chapel,Londonderry Ward,Bonnie Doon Stake,2,3,21,23,1,LONDONDERRY,837500.0,60,53.55056740256591,-113.4548124,Bonnie Doon Stake 4,2
Riverbend Stake Centre,Woodbend Ward,Riverbend Stake,3,3,45,15,1,WOODBEND,703525.0,90,53.44964276918846,-113.5384964,Riverbend Stake 2,0
Riverbend Stake Centre,Woodbend Ward,Riverbend Stake,2,4,172,18,1,WOODBEND,703525.0,60,53.44964276918846,-113.5384964,Riverbend Stake 3,0
Bearspaw Chapel,Blackmud Creek Ward,Gateway Stake,2,0,135,26,1,BLACKMUD CREEK,503500.0,30,53.42374423,-113.5051636,Gateway Stake 6,0
Bonnie Doon Stake Centre,Connors Hill Ward,Bonnie Doon Stake,2,4,0,30,1,CONNORS HILL,837500.0,60,53.55056740256591,-113.4548124,Bonnie Doon Stake 5,2
Londonberry Chapel,Londonderry Ward,Bonnie Doon Stake,2,0,18,18,1,LONDONDERRY,837500.0,30,53.55056740256591,-113.4548124,Bonnie Doon Stake 6,2
Londonberry Chapel,Londonderry Ward,Bonnie Doon Stake,2,1,10,12,1,LONDONDERRY,837500.0,30,53.55056740256591,-113.4548124,Bonnie Doon Stake 7,2
Bearspaw Chapel,Blackmud Creek Ward,Gateway Stake,2,3,3,36,1,BLACKMUD CREEK,503500.0,60,53.42374423,-113.5051636,Gateway Stake 7,0
Gateway Stake Centre ,Silver Berry Ward,Gateway Stake,3,4,117,30,1,SILVER BERRY,162000.0,60,53.45921603129749,-113.3818037,Gateway Stake 8,1
Bonnie Doon Stake Centre,Forest Heights Ward,Bonnie Doon Stake,2,1,125,7,1,FOREST HEIGHTS,837500.0,30,53.55056740256592,-113.4548124,Bonnie Doon Stake 8,2
Bearspaw Chapel,Blackmud Creek Ward,Gateway Stake,2,1,12,20,1,BLACKMUD CREEK,503500.0,60,53.42374423,-113.5051636,Gateway Stake 9,0
Gateway Stake Centre ,Silver Berry Ward,Gateway Stake,2,0,236,16,1,SILVER BERRY,162000.0,30,53.45921603129749,-113.3818037,Gateway Stake 10,1
Riverbend Stake Centre,Woodbend Ward,Riverbend Stake,3,2,50,8,1,WOODBEND,703525.0,60,53.44964276918846,-113.5384964,Riverbend Stake 4,0
Edmonton North Stake Centre,Griesbach Ward,Edmonton North Stake,2,3,215,38,1,GRIESBACH,6666500.0,60,53.61346820073056,-113.5157507,Edmonton North Stake 1,3
Gateway Stake Centre ,Crawford Plains Ward,Gateway Stake,3,0,340,30,3,CRAWFORD PLAINS,140000.0,90,53.44341912235957,-113.4026104,Gateway Stake 11,1
Bonnie Doon Stake Centre,Mill Creek YSA Ward,YSA Stake,3,0,66,15,1,MILL CREEK YSA,837500.0,60,53.550567402565896,-113.4548124,YSA Stake 1,2
Bonnie Doon Stake Centre,Whitemud Creek YSA Ward,YSA Stake,1,0,208,12,1,WHITEMUD CREEK YSA,837500.0,60,53.550567402565896,-113.4548124,YSA Stake 2,2
Bearspaw Chapel,Rutherford Ward,Riverbend Stake,2,0,174,23,1,RUTHERFORD,1154500.0,60,53.42045712828527,-113.5399461,Riverbend Stake 5,0
Bonnie Doon Stake Centre,Forest Heights Ward,Bonnie Doon Stake,2,0,100,12,1,FOREST HEIGHTS,837500.0,30,53.55056740256592,-113.4548124,Bonnie Doon Stake 9,2
Bonnie Doon Stake Centre,Whitemud Creek YSA Ward,YSA Stake,1,0,208,12,1,WHITEMUD CREEK YSA,837500.0,60,53.550567402565896,-113.4548124,YSA Stake 3,2
Bonnie Doon Stake Centre,Forest Heights Ward,Bonnie Doon Stake,2,2,167,20,1,FOREST HEIGHTS,837500.0,30,53.55056740256592,-113.4548124,Bonnie Doon Stake 10,2
Riverbend Stake Centre,Rabbit Hill Ward,Riverbend Stake,2,0,100,10,1,RABBIT HILL,703525.0,30,53.44964276918846,-113.5384964,Riverbend Stake 6,0
Riverbend Stake Centre,Woodbend Ward,Riverbend Stake,1,2,100,6,1,WOODBEND,703525.0,30,53.44964276918846,-113.5384964,Riverbend Stake 7,0
Londonberry Chapel,Clareview Ward,Bonnie Doon Stake,1,2,30,22,1,CLAREVIEW,837500.0,30,53.55056740256591,-113.4548124,Bonnie Doon Stake 11,2
Bearspaw Chapel,Lee Ridge Ward,Gateway Stake,2,1,148,28,1,LEE RIDGE,28618500.0,60,53.47232073,-113.4502878,Gateway Stake 12,1
Edmonton North Stake Centre,Namao Ward,Edmonton North Stake,1,0,0,12,1,NAMAO,6666500.0,30,53.61346820073055,-113.5157507,Edmonton North Stake 2,3
Riverbend Stake Centre,Rutherford Ward,Riverbend Stake,1,2,169,11,1,RUTHERFORD,1154500.0,60,53.42045712828527,-113.5399461,Riverbend Stake 8,0
Londonberry Chapel,Londonderry Ward,Bonnie Doon Stake,1,3,7,10,1,LONDONDERRY,837500.0,30,53.55056740256591,-113.4548124,Bonnie Doon Stake 12,2
Londonberry Chapel,Londonderry Ward,Bonnie Doon Stake,2,0,40,15,1,LONDONDERRY,837500.0,120,53.55056740256591,-113.4548124,Bonnie Doon Stake 13,2
Londonberry Chapel,Londonderry Ward,Bonnie Doon Stake,1,0,60,17,1,LONDONDERRY,837500.0,30,53.55056740256591,-113.4548124,Bonnie Doon Stake 14,2
Gateway Stake Centre ,Crawford Plains Ward,Gateway Stake,4,0,116,50,2,CRAWFORD PLAINS,140000.0,60,53.44341912235957,-113.4026104,Gateway Stake 13,1
Londonberry Chapel,Clareview Ward,Bonnie Doon Stake,2,2,99,24,1,CLAREVIEW,837500.0,30,53.55056740256591,-113.4548124,Bonnie Doon Stake 15,2
Bearspaw Chapel,Blackmud Creek Ward,Gateway Stake,2,2,161,56,1,BLACKMUD CREEK,503500.0,60,53.42374423,-113.5051636,Gateway Stake 14,0
Bonnie Doon Stake Centre,Connors Hill Ward,Bonnie Doon Stake,2,2,75,8,1,CONNORS HILL,837500.0,30,53.55056740256591,-113.4548124,Bonnie Doon Stake 16,2
Londonberry Chapel,Londonderry Ward,Bonnie Doon Stake,2,0,13,14,1,LONDONDERRY,837500.0,60,53.55056740256591,-113.4548124,Bonnie Doon Stake 17,2
Bearspaw Chapel,Lee Ridge Ward,Gateway Stake,2,0,170,30,1,LEE RIDGE,28618500.0,30,53.47232073,-113.4502878,Gateway Stake 15,1
Bonnie Doon Stake Centre,Connors Hill Ward,Bonnie Doon Stake,2,0,194,21,1,CONNORS HILL,837500.0,30,53.55056740256591,-113.4548124,Bonnie Doon Stake 18,2
Londonberry Chapel,Londonderry Ward,Bonnie Doon Stake,2,3,15,18,1,LONDONDERRY,837500.0,60,53.55056740256591,-113.4548124,Bonnie Doon Stake 19,2
Bearspaw Chapel,Blackmud Creek Ward,Gateway Stake,4,3,109,21,1,BLACKMUD CREEK,503500.0,60,53.42374423,-113.5051636,Gateway Stake 16,0
Gateway Stake Centre ,Silver Berry Ward,Gateway Stake,1,0,12,11,1,SILVER BERRY,162000.0,60,53.45921603129749,-113.3818037,Gateway Stake 17,1
Riverbend Stake Centre,Rabbit Hill Ward,Riverbend Stake,2,1,280,40,1,RABBIT HILL,703525.0,60,53.44964276918846,-113.5384964,Riverbend Stake 9,0
Bonnie Doon Stake Centre,Forest Heights Ward,Bonnie Doon Stake,1,3,150,12,1,FOREST HEIGHTS,837500.0,30,53.55056740256592,-113.4548124,Bonnie Doon Stake 20,2
Edmonton North Stake Centre,Namao Ward,Edmonton North Stake,2,0,217,13,1,NAMAO,6666500.0,60,53.61346820073055,-113.5157507,Edmonton North Stake 3,3
Londonberry Chapel,Clareview Ward,Bonnie Doon Stake,1,0,10,12,1,CLAREVIEW,837500.0,30,53.55056740256591,-113.4548124,Bonnie Doon Stake 21,2
Riverbend Stake Centre,Rabbit Hill Ward,Riverbend Stake,2,2,191,30,1,RABBIT HILL,703525.0,90,53.44964276918846,-113.5384964,Riverbend Stake 10,0
Bonnie Doon Stake Centre,Connors Hill Ward,Bonnie Doon Stake,1,4,115,4,1,CONNORS HILL,837500.0,30,53.55056740256591,-113.4548124,Bonnie Doon Stake 22,2
Gateway Stake Centre ,Ellerslie Ward,Gateway Stake,2,3,180,19,2,ELLERSLIE,797500.0,30,53.43159314034627,-113.44636,Gateway Stake 18,1
Bearspaw Chapel,Blackmud Creek Ward,Gateway Stake,1,1,156,50,1,BLACKMUD CREEK,503500.0,90,53.42374423,-113.5051636,Gateway Stake 19,0
Edmonton North Stake Centre,Namao Ward,Edmonton North Stake,1,1,200,35,1,NAMAO,6666500.0,90,53.61346820073055,-113.5157507,Edmonton North Stake 4,3
Bearspaw Chapel,Blackmud Creek Ward,Gateway Stake,2,0,20,35,1,BLACKMUD CREEK,503500.0,60,53.42374423,-113.5051636,Gateway Stake 20,0
Gateway Stake Centre ,Lee Ridge Ward,Gateway Stake,2,1,165,18,1,LEE RIDGE,28618500.0,60,53.47232073,-113.4502878,Gateway Stake 21,1
Gateway Stake Centre ,Lee Ridge Ward,Gateway Stake,1,0,1,10,1,LEE RIDGE,28618500.0,30,53.47232073,-113.4502878,Gateway Stake 22,1
Edmonton North Stake Centre,Namao Ward,Edmonton North Stake,2,0,170,32,1,NAMAO,6666500.0,90,53.61346820073055,-113.5157507,Edmonton North Stake 5,3
Edmonton North Stake Centre,Griesbach Ward,Edmonton North Stake,1,2,60,20,1,GRIESBACH,6666500.0,60,53.61346820073056,-113.5157507,Edmonton North Stake 6,3
Bearspaw Chapel,Lee Ridge Ward,Gateway Stake,1,2,140,12,1,LEE RIDGE,28618500.0,60,53.47232073,-113.4502878,Gateway Stake 23,1
Bearspaw Chapel,Blackmud Creek Ward,Gateway Stake,2,3,134,55,1,BLACKMUD CREEK,503500.0,60,53.42374423,-113.5051636,Gateway Stake 24,0
Gateway Stake Centre ,Crawford Plains Ward,Gateway Stake,1,4,128,7,1,CRAWFORD PLAINS,140000.0,30,53.44341912235957,-113.4026104,Gateway Stake 25,1
Bearspaw Chapel,Blackmud Creek Ward,Gateway Stake,1,1,156,50,1,BLACKMUD CREEK,503500.0,60,53.42374423,-113.5051636,Gateway Stake 26,0
Riverbend Stake Centre,Woodbend Ward,Riverbend Stake,2,2,100,12,1,WOODBEND,703525.0,30,53.44964276918846,-113.5384964,Riverbend Stake 11,0
Londonberry Chapel,Clareview Ward,Bonnie Doon Stake,2,0,125,20,1,CLAREVIEW,837500.0,30,53.55056740256591,-113.4548124,Bonnie Doon Stake 23,2
Bonnie Doon Stake Centre,Connors Hill Ward,Bonnie Doon Stake,3,0,195,40,1,CONNORS HILL,837500.0,90,53.55056740256591,-113.4548124,Bonnie Doon Stake 24,2
Londonberry Chapel,Londonderry Ward,Bonnie Doon Stake,0,2,177,19,1,LONDONDERRY,837500.0,60,53.55056740256591,-113.4548124,Bonnie Doon Stake 25,2
Edmonton North Stake Centre,Forest Heights Ward,Bonnie Doon Stake,1,1,200,30,1,FOREST HEIGHTS,837500.0,90,53.55056740256592,-113.4548124,Bonnie Doon Stake 26,2
Londonberry Chapel,Londonderry Ward,Bonnie Doon Stake,1,1,0,51,1,LONDONDERRY,837500.0,90,53.55056740256591,-113.4548124,Bonnie Doon Stake 27,2
Bearspaw Chapel,Blackmud Creek Ward,Gateway Stake,1,0,4,1,1,BLACKMUD CREEK,503500.0,30,53.42374423,-113.5051636,Gateway Stake 27,0
Gateway Stake Centre ,Crawford Plains Ward,Gateway Stake,2,0,140,21,1,CRAWFORD PLAINS,140000.0,60,53.44341912235957,-113.4026104,Gateway Stake 28,1
Riverbend Stake Centre,Greenfield Ward,Riverbend Stake,2,2,100,40,1,GREENFIELD,295500.0,60,53.476048825243744,-113.5371848,Riverbend Stake 12,0
Edmonton North Stake Centre,Griesbach Ward,Edmonton North Stake,2,0,80,6,1,GRIESBACH,6666500.0,30,53.61346820073056,-113.5157507,Edmonton North Stake 7,3
Gateway Stake Centre ,Crawford Plains Ward,Gateway Stake,1,1,250,25,2,CRAWFORD PLAINS,140000.0,60,53.44341912235957,-113.4026104,Gateway Stake 29,1
Gateway Stake Centre ,Crawford Plains Ward,Gateway Stake,3,0,100,20,1,CRAWFORD PLAINS,140000.0,30,53.44341912235957,-113.4026104,Gateway Stake 30,1
Edmonton North Stake Centre,Namao Ward,Edmonton North Stake,5,10,1000,56,1,NAMAO,6666500.0,120,53.61346820073055,-113.5157507,Edmonton North Stake 8,3
Bonnie Doon Stake Centre,Forest Heights Ward,Bonnie Doon Stake,2,2,150,18,1,FOREST HEIGHTS,837500.0,30,53.55056740256592,-113.4548124,Bonnie Doon Stake 28,2
Riverbend Stake Centre,Greenfield Ward,Riverbend Stake,2,2,140,50,1,GREENFIELD,295500.0,60,53.476048825243744,-113.5371848,Riverbend Stake 13,0
Riverbend Stake Centre,Woodbend Ward,Riverbend Stake,1,2,125,28,1,WOODBEND,703525.0,30,53.44964276918846,-113.5384964,Riverbend Stake 14,0
Bearspaw Chapel,Lee Ridge Ward,Gateway Stake,2,3,130,35,1,LEE RIDGE,28618500.0,60,53.47232073,-113.4502878,Gateway Stake 31,1
Gateway Stake Centre ,Crawford Plains Ward,Gateway Stake,2,0,130,16,1,CRAWFORD PLAINS,140000.0,90,53.44341912235957,-113.4026104,Gateway Stake 32,1
Gateway Stake Centre ,Crawford Plains Ward,Gateway Stake,1,0,1,2,1,CRAWFORD PLAINS,140000.0,30,53.44341912235957,-113.4026104,Gateway Stake 33,1
Bonnie Doon Stake Centre,Forest Heights Ward,Bonnie Doon Stake,2,2,200,23,1,FOREST HEIGHTS,837500.0,90,53.55056740256592,-113.4548124,Bonnie Doon Stake 29,2
Londonberry Chapel,Londonderry Ward,Bonnie Doon Stake,2,0,40,26,2,LONDONDERRY,837500.0,60,53.55056740256591,-113.4548124,Bonnie Doon Stake 30,2
Edmonton North Stake Centre,Griesbach Ward,Edmonton North Stake,2,0,166,20,1,GRIESBACH,6666500.0,60,53.61346820073056,-113.5157507,Edmonton North Stake 9,3
Gateway Stake Centre ,Ellerslie Ward,Gateway Stake,2,2,210,20,1,ELLERSLIE,797500.0,60,53.43159314034627,-113.44636,Gateway Stake 34,1
Bearspaw Chapel,Rutherford Ward,Riverbend Stake,2,2,205,21,1,RUTHERFORD,1154500.0,60,53.42045712828527,-113.5399461,Riverbend Stake 15,0
Londonberry Chapel,Clareview Ward,Bonnie Doon Stake,2,0,0,9,1,CLAREVIEW,837500.0,120,53.55056740256591,-113.4548124,Bonnie Doon Stake 31,2
Gateway Stake Centre ,Lee Ridge Ward,Gateway Stake,4,2,173,17,1,LEE RIDGE,28618500.0,60,53.47232073,-113.4502878,Gateway Stake 35,1
Bearspaw Chapel,Southgate Ward,Bonnie Doon Stake,2,0,150,40,1,SOUTHGATE,837500.0,60,53.55056740256591,-113.4548124,Bonnie Doon Stake 32,2
Bearspaw Chapel,Blackmud Creek Ward,Gateway Stake,2,2,155,22,1,BLACKMUD CREEK,503500.0,60,53.42374423,-113.5051636,Gateway Stake 36,0
Gateway Stake Centre ,Ellerslie Ward,Gateway Stake,2,2,200,35,1,ELLERSLIE,797500.0,60,53.43159314034627,-113.44636,Gateway Stake 37,1
Bearspaw Chapel,Lee Ridge Ward,Gateway Stake,2,0,154,28,1,LEE RIDGE,28618500.0,60,53.47232073,-113.4502878,Gateway Stake 38,1
Bearspaw Chapel,Southgate Ward,Bonnie Doon Stake,2,0,128,12,1,SOUTHGATE,837500.0,60,53.55056740256591,-113.4548124,Bonnie Doon Stake 33,2
Londonberry Chapel,Clareview Ward,Bonnie Doon Stake,1,2,230,42,1,CLAREVIEW,837500.0,60,53.55056740256591,-113.4548124,Bonnie Doon Stake 34,2
Gateway Stake Centre ,Crawford Plains Ward,Gateway Stake,2,0,131,20,1,CRAWFORD PLAINS,140000.0,60,53.44341912235957,-113.4026104,Gateway Stake 39,1
Gateway Stake Centre ,Ellerslie Ward,Gateway Stake,1,2,100,20,1,ELLERSLIE,797500.0,30,53.43159314034627,-113.44636,Gateway Stake 40,1
Riverbend Stake Centre,Terwillegar Park Ward,Riverbend Stake,2,3,150,30,1,TERWILLEGAR PARK,703525.0,60,53.44964276918846,-113.5384964,Riverbend Stake 16,0
Edmonton North Stake Centre,Namao Ward,Edmonton North Stake,2,0,1751,14,1,NAMAO,6666500.0,30,53.61346820073055,-113.5157507,Edmonton North Stake 10,3
Bearspaw Chapel,Lee Ridge Ward,Gateway Stake,1,3,169,20,1,LEE RIDGE,28618500.0,90,53.47232073,-113.4502878,Gateway Stake 41,1
Bearspaw Chapel,Blackmud Creek Ward,Gateway Stake,2,2,153,35,1,BLACKMUD CREEK,503500.0,90,53.42374423,-113.5051636,Gateway Stake 42,0
Riverbend Stake Centre,Devon Ward,Riverbend Stake,2,0,150,20,1,DEVON,703525.0,90,53.44964276918846,-113.5384964,Riverbend Stake 17,0
Bonnie Doon Stake Centre,Southgate Ward,Bonnie Doon Stake,2,0,151,18,1,SOUTHGATE,837500.0,60,53.55056740256591,-113.4548124,Bonnie Doon Stake 35,2
Gateway Stake Centre ,Silver Berry Ward,Gateway Stake,3,0,241,50,1,SILVER BERRY,162000.0,60,53.45921603129749,-113.3818037,Gateway Stake 43,1
Riverbend Stake Centre,Rutherford Ward,Riverbend Stake,2,0,187,45,1,RUTHERFORD,1154500.0,60,53.42045712828527,-113.5399461,Riverbend Stake 18,0
Gateway Stake Centre ,Crawford Plains Ward,Gateway Stake,2,3,280,48,2,CRAWFORD PLAINS,140000.0,120,53.44341912235957,-113.4026104,Gateway Stake 44,1
Edmonton North Stake Centre,Griesbach Ward,Edmonton North Stake,2,2,180,15,1,GRIESBACH,6666500.0,30,53.61346820073056,-113.5157507,Edmonton North Stake 11,3
Londonberry Chapel,Clareview Ward,Bonnie Doon Stake,1,1,300,54,1,CLAREVIEW,837500.0,60,53.55056740256591,-113.4548124,Bonnie Doon Stake 36,2
Gateway Stake Centre ,Crawford Plains Ward,Gateway Stake,4,1,431,37,3,CRAWFORD PLAINS,140000.0,90,53.44341912235957,-113.4026104,Gateway Stake 45,1
Bearspaw Chapel,Wild Rose Ward,Gateway Stake,2,2,100,25,1,WILD ROSE,118500.0,60,53.47199344444126,-113.3815115,Gateway Stake 46,1
Gateway Stake Centre ,Silver Berry Ward,Gateway Stake,3,1,230,21,1,SILVER BERRY,162000.0,90,53.45921603129749,-113.3818037,Gateway Stake 47,1
Londonberry Chapel,Londonderry Ward,Bonnie Doon Stake,2,1,300,55,2,LONDONDERRY,837500.0,60,53.55056740256591,-113.4548124,Bonnie Doon Stake 37,2
Edmonton North Stake Centre,Namao Ward,Edmonton North Stake,5,4,286,29,1,NAMAO,6666500.0,60,53.61346820073055,-113.5157507,Edmonton North Stake 12,3
Londonberry Chapel,Londonderry Ward,Bonnie Doon Stake,1,4,29,29,1,LONDONDERRY,837500.0,60,53.55056740256591,-113.4548124,Bonnie Doon Stake 38,2
Bonnie Doon Stake Centre,Connors Hill Ward,Bonnie Doon Stake,2,3,90,12,1,CONNORS HILL,837500.0,60,53.55056740256591,-113.4548124,Bonnie Doon Stake 39,2
Gateway Stake Centre ,Crawford Plains Ward,Gateway Stake,4,1,271,27,2,CRAWFORD PLAINS,140000.0,60,53.44341912235957,-113.4026104,Gateway Stake 48,1
Londonberry Chapel,Londonderry Ward,Bonnie Doon Stake,2,0,0,20,1,LONDONDERRY,837500.0,60,53.55056740256591,-113.4548124,Bonnie Doon Stake 40,2
Riverbend Stake Centre,Rabbit Hill Ward,Riverbend Stake,2,2,242,26,2,RABBIT HILL,703525.0,90,53.44964276918846,-113.5384964,Riverbend Stake 19,0
Bearspaw Chapel,Blackmud Creek Ward,Gateway Stake,1,3,155,22,1,BLACKMUD CREEK,503500.0,30,53.42374423,-113.5051636,Gateway Stake 49,0
Londonberry Chapel,Londonderry Ward,Bonnie Doon Stake,2,0,15,15,1,LONDONDERRY,837500.0,60,53.55056740256591,-113.4548124,Bonnie Doon Stake 41,2
Gateway Stake Centre ,Ellerslie Ward,Gateway Stake,2,4,198,33,2,ELLERSLIE,797500.0,30,53.43159314034627,-113.44636,Gateway Stake 50,1
Bonnie Doon Stake Centre,Forest Heights Ward,Bonnie Doon Stake,2,0,75,15,1,FOREST HEIGHTS,837500.0,60,53.55056740256592,-113.4548124,Bonnie Doon Stake 42,2
Gateway Stake Centre ,Silver Berry Ward,Gateway Stake,2,2,168,16,1,SILVER BERRY,162000.0,90,53.45921603129749,-113.3818037,Gateway Stake 51,1
Gateway Stake Centre ,Ellerslie Ward,Gateway Stake,2,2,25,32,1,ELLERSLIE,797500.0,60,53.43159314034627,-113.44636,Gateway Stake 52,1
Riverbend Stake Centre,Rutherford Ward,Riverbend Stake,2,0,97,15,1,RUTHERFORD,1154500.0,60,53.42045712828527,-113.5399461,Riverbend Stake 20,0
Bearspaw Chapel,Blackmud Creek Ward,Gateway Stake,2,2,130,20,1,BLACKMUD CREEK,503500.0,60,53.42374423,-113.5051636,Gateway Stake 53,0
Riverbend Stake Centre,Terwillegar Park Ward,Riverbend Stake,2,0,200,70,2,TERWILLEGAR PARK,703525.0,90,53.44964276918846,-113.5384964,Riverbend Stake 21,0
Londonberry Chapel,Clareview Ward,Bonnie Doon Stake,6,0,190,26,1,CLAREVIEW,837500.0,60,53.55056740256591,-113.4548124,Bonnie Doon Stake 43,2
Londonberry Chapel,Londonderry Ward,Bonnie Doon Stake,1,0,20,24,1,LONDONDERRY,837500.0,60,53.55056740256591,-113.4548124,Bonnie Doon Stake 44,2
Edmonton North Stake Centre,Griesbach Ward,Edmonton North Stake,2,0,150,33,1,GRIESBACH,6666500.0,90,53.61346820073056,-113.5157507,Edmonton North Stake 13,3
Londonberry Chapel,Clareview Ward,Bonnie Doon Stake,1,1,0,18,1,CLAREVIEW,837500.0,30,53.55056740256591,-113.4548124,Bonnie Doon Stake 45,2
Londonberry Chapel,Londonderry Ward,Bonnie Doon Stake,2,3,16,16,2,LONDONDERRY,837500.0,60,53.55056740256591,-113.4548124,Bonnie Doon Stake 46,2
Bonnie Doon Stake Centre,Forest Heights Ward,Bonnie Doon Stake,2,3,250,39,1,FOREST HEIGHTS,837500.0,60,53.55056740256592,-113.4548124,Bonnie Doon Stake 47,2
Edmonton North Stake Centre,Namao Ward,Edmonton North Stake,2,0,152,23,1,NAMAO,6666500.0,60,53.61346820073055,-113.5157507,Edmonton North Stake 14,3
Bearspaw Chapel,Lee Ridge Ward,Gateway Stake,2,0,200,25,1,LEE RIDGE,28618500.0,120,53.47232073,-113.4502878,Gateway Stake 54,1
Gateway Stake Centre ,Silver Berry Ward,Gateway Stake,2,1,174,32,1,SILVER BERRY,162000.0,90,53.45921603129749,-113.3818037,Gateway Stake 55,1
Bearspaw Chapel,Blackmud Creek Ward,Gateway Stake,2,2,177,22,1,BLACKMUD CREEK,503500.0,30,53.42374423,-113.5051636,Gateway Stake 56,0
Riverbend Stake Centre,Greenfield Ward,Riverbend Stake,2,2,210,24,1,GREENFIELD,295500.0,60,53.476048825243744,-113.5371848,Riverbend Stake 22,0
Gateway Stake Centre ,Rio Vista Ward,Gateway Stake,2,2,120,40,2,RIO VISTA,8015783.871,90,53.44895453413155,-113.4371288,Gateway Stake 57,1
Riverbend Stake Centre,Terwillegar Park Ward,Riverbend Stake,1,1,40,40,1,TERWILLEGAR PARK,703525.0,90,53.44964276918846,-113.5384964,Riverbend Stake 23,0
Bearspaw Chapel,Lee Ridge Ward,Gateway Stake,2,3,219,28,2,LEE RIDGE,28618500.0,60,53.47232073,-113.4502878,Gateway Stake 58,1
Londonberry Chapel,Londonderry Ward,Bonnie Doon Stake,1,0,200,22,1,LONDONDERRY,837500.0,60,53.55056740256591,-113.4548124,Bonnie Doon Stake 48,2
Gateway Stake Centre ,Rio Vista Ward,Gateway Stake,2,4,125,33,1,RIO VISTA,8015783.871,60,53.44895453413155,-113.4371288,Gateway Stake 59,1
Gateway Stake Centre ,Silver Berry Ward,Gateway Stake,6,4,250,30,2,SILVER BERRY,162000.0,90,53.45921603129749,-113.3818037,Gateway Stake 60,1
Londonberry Chapel,Clareview Ward,Bonnie Doon Stake,3,0,200,33,1,CLAREVIEW,837500.0,60,53.55056740256591,-113.4548124,Bonnie Doon Stake 49,2
Edmonton North Stake Centre,Griesbach Ward,Edmonton North Stake,4,0,500,32,2,GRIESBACH,6666500.0,60,53.61346820073056,-113.5157507,Edmonton North Stake 15,3
Londonberry Chapel,Londonderry Ward,Bonnie Doon Stake,2,0,96,7,1,LONDONDERRY,837500.0,30,53.55056740256591,-113.4548124,Bonnie Doon Stake 50,2
Bonnie Doon Stake Centre,Londonderry Ward,Bonnie Doon Stake,2,0,104,13,1,LONDONDERRY,837500.0,60,53.55056740256591,-113.4548124,Bonnie Doon Stake 51,2
Gateway Stake Centre ,Crawford Plains Ward,Gateway Stake,3,2,123,38,2,CRAWFORD PLAINS,140000.0,60,53.44341912235957,-113.4026104,Gateway Stake 61,1
Gateway Stake Centre ,Rio Vista Ward,Gateway Stake,1,0,135,17,1,RIO VISTA,8015783.871,30,53.44895453413155,-113.4371288,Gateway Stake 62,1
Gateway Stake Centre ,Silver Berry Ward,Gateway Stake,3,2,168,20,1,SILVER BERRY,162000.0,60,53.45921603129749,-113.3818037,Gateway Stake 63,1
Bearspaw Chapel,Southgate Ward,Bonnie Doon Stake,2,0,143,20,1,SOUTHGATE,837500.0,60,53.55056740256591,-113.4548124,Bonnie Doon Stake 52,2
Bearspaw Chapel,Blackmud Creek Ward,Gateway Stake,2,4,200,20,2,BLACKMUD CREEK,503500.0,90,53.42374423,-113.5051636,Gateway Stake 64,0
Londonberry Chapel,Londonderry Ward,Bonnie Doon Stake,2,2,17,17,1,LONDONDERRY,837500.0,60,53.55056740256591,-113.4548124,Bonnie Doon Stake 53,2
Gateway Stake Centre ,Crawford Plains Ward,Gateway Stake,2,0,110,50,1,CRAWFORD PLAINS,140000.0,30,53.44341912235957,-113.4026104,Gateway Stake 65,1
Bonnie Doon Stake Centre,Connors Hill Ward,Bonnie Doon Stake,3,0,192,11,2,CONNORS HILL,837500.0,90,53.55056740256591,-113.4548124,Bonnie Doon Stake 54,2
Edmonton North Stake Centre,Griesbach Ward,Edmonton North Stake,1,0,1,1,1,GRIESBACH,6666500.0,30,53.61346820073056,-113.5157507,Edmonton North Stake 16,3
Riverbend Stake Centre,Greenfield Ward,Riverbend Stake,4,0,150,17,1,GREENFIELD,295500.0,60,53.476048825243744,-113.5371848,Riverbend Stake 24,0
Gateway Stake Centre ,Silver Berry Ward,Gateway Stake,3,1,170,9,1,SILVER BERRY,162000.0,30,53.45921603129749,-113.3818037,Gateway Stake 66,1
Gateway Stake Centre ,Silver Berry Ward,Gateway Stake,2,0,478,30,2,SILVER BERRY,162000.0,90,53.45921603129749,-113.3818037,Gateway Stake 67,1
Bearspaw Chapel,Blackmud Creek Ward,Gateway Stake,2,2,30,40,1,BLACKMUD CREEK,503500.0,60,53.42374423,-113.5051636,Gateway Stake 68,0
Londonberry Chapel,Londonderry Ward,Bonnie Doon Stake,1,1,24,30,2,LONDONDERRY,837500.0,60,53.55056740256591,-113.4548124,Bonnie Doon Stake 55,2
Gateway Stake Centre ,Silver Berry Ward,Gateway Stake,4,1,80,31,1,SILVER BERRY,162000.0,30,53.45921603129749,-113.3818037,Gateway Stake 69,1
Gateway Stake Centre ,Rio Vista Ward,Gateway Stake,2,3,35,6,1,RIO VISTA,8015783.871,30,53.44895453413155,-113.4371288,Gateway Stake 70,1
Bearspaw Chapel,Lee Ridge Ward,Gateway Stake,2,0,142,20,1,LEE RIDGE,28618500.0,120,53.47232073,-113.4502878,Gateway Stake 71,1
Riverbend Stake Centre,Terwillegar Park Ward,Riverbend Stake,2,1,205,34,1,TERWILLEGAR PARK,703525.0,90,53.44964276918846,-113.5384964,Riverbend Stake 25,0
Bonnie Doon Stake Centre,Connors Hill Ward,Bonnie Doon Stake,2,0,235,21,1,CONNORS HILL,837500.0,60,53.55056740256591,-113.4548124,Bonnie Doon Stake 56,2
Bearspaw Chapel,Lee Ridge Ward,Gateway Stake,1,4,166,32,1,LEE RIDGE,28618500.0,90,53.47232073,-113.4502878,Gateway Stake 72,1
Bonnie Doon Stake Centre,Connors Hill Ward,Bonnie Doon Stake,2,0,200,20,3,CONNORS HILL,837500.0,90,53.55056740256591,-113.4548124,Bonnie Doon Stake 57,2
Bonnie Doon Stake Centre,Forest Heights Ward,Bonnie Doon Stake,2,0,225,30,1,FOREST HEIGHTS,837500.0,60,53.55056740256592,-113.4548124,Bonnie Doon Stake 58,2
Londonberry Chapel,Clareview Ward,Bonnie Doon Stake,2,2,0,24,1,CLAREVIEW,837500.0,90,53.55056740256591,-113.4548124,Bonnie Doon Stake 59,2
Gateway Stake Centre ,Crawford Plains Ward,Gateway Stake,1,2,100,50,2,CRAWFORD PLAINS,140000.0,60,53.44341912235957,-113.4026104,Gateway Stake 73,1
Bearspaw Chapel,Blackmud Creek Ward,Gateway Stake,2,0,30,20,1,BLACKMUD CREEK,503500.0,60,53.42374423,-113.5051636,Gateway Stake 74,0
Riverbend Stake Centre,Rutherford Ward,Riverbend Stake,3,2,204,26,2,RUTHERFORD,1154500.0,30,53.42045712828527,-113.5399461,Riverbend Stake 26,0
Gateway Stake Centre ,Silver Berry Ward,Gateway Stake,2,0,239,24,1,SILVER BERRY,162000.0,90,53.45921603129749,-113.3818037,Gateway Stake 75,1
Riverbend Stake Centre,Rabbit Hill Ward,Riverbend Stake,2,0,95,15,2,RABBIT HILL,703525.0,30,53.44964276918846,-113.5384964,Riverbend Stake 27,0
Bearspaw Chapel,Whitemud Creek YSA Ward,YSA Stake,2,0,153,8,1,WHITEMUD CREEK YSA,12339825.0,30,53.46078142044812,-113.4762213,YSA Stake 4,1
Bearspaw Chapel,Southgate Ward,Bonnie Doon Stake,2,2,108,15,1,SOUTHGATE,837500.0,30,53.55056740256591,-113.4548124,Bonnie Doon Stake 60,2
Bearspaw Chapel,Blackmud Creek Ward,Gateway Stake,2,0,143,43,1,BLACKMUD CREEK,503500.0,120,53.42374423,-113.5051636,Gateway Stake 76,0
Bonnie Doon Stake Centre,Forest Heights Ward,Bonnie Doon Stake,3,4,160,35,1,FOREST HEIGHTS,837500.0,90,53.55056740256592,-113.4548124,Bonnie Doon Stake 61,2
Gateway Stake Centre ,Crawford Plains Ward,Gateway Stake,2,2,265,30,2,CRAWFORD PLAINS,140000.0,90,53.44341912235957,-113.4026104,Gateway Stake 77,1
Bearspaw Chapel,Blackmud Creek Ward,Gateway Stake,2,3,260,32,1,BLACKMUD CREEK,503500.0,90,53.42374423,-113.5051636,Gateway Stake 78,0
Londonberry Chapel,Clareview Ward,Bonnie Doon Stake,2,2,110,30,1,CLAREVIEW,837500.0,90,53.55056740256591,-113.4548124,Bonnie Doon Stake 62,2
Bearspaw Chapel,Southgate Ward,Bonnie Doon Stake,2,0,123,15,1,SOUTHGATE,837500.0,120,53.55056740256591,-113.4548124,Bonnie Doon Stake 63,2
Riverbend Stake Centre,Terwillegar Park Ward,Riverbend Stake,1,1,350,47,2,TERWILLEGAR PARK,703525.0,90,53.44964276918846,-113.5384964,Riverbend Stake 28,0
Bonnie Doon Stake Centre,Forest Heights Ward,Bonnie Doon Stake,2,4,225,22,1,FOREST HEIGHTS,837500.0,90,53.55056740256592,-113.4548124,Bonnie Doon Stake 64,2
Edmonton North Stake Centre,Griesbach Ward,Edmonton North Stake,1,2,650,48,2,GRIESBACH,6666500.0,60,53.61346820073056,-113.5157507,Edmonton North Stake 17,3
Gateway Stake Centre ,Crawford Plains Ward,Gateway Stake,2,2,140,30,1,CRAWFORD PLAINS,140000.0,60,53.44341912235957,-113.4026104,Gateway Stake 79,1
Bearspaw Chapel,Lee Ridge Ward,Gateway Stake,1,1,145,26,1,LEE RIDGE,28618500.0,60,53.47232073,-113.4502878,Gateway Stake 80,1
Bearspaw Chapel,Blackmud Creek Ward,Gateway Stake,2,0,210,18,1,BLACKMUD CREEK,503500.0,90,53.42374423,-113.5051636,Gateway Stake 81,0
Londonberry Chapel,Clareview Ward,Bonnie Doon Stake,2,1,60,16,1,CLAREVIEW,837500.0,30,53.55056740256591,-113.4548124,Bonnie Doon Stake 65,2
Bonnie Doon Stake Centre,Forest Heights Ward,Bonnie Doon Stake,2,1,150,22,1,FOREST HEIGHTS,837500.0,60,53.55056740256592,-113.4548124,Bonnie Doon Stake 66,2
Londonberry Chapel,Clareview Ward,Bonnie Doon Stake,2,0,9,9,1,CLAREVIEW,837500.0,30,53.55056740256591,-113.4548124,Bonnie Doon Stake 67,2
Riverbend Stake Centre,Woodbend Ward,Riverbend Stake,2,0,167,25,1,WOODBEND,703525.0,60,53.44964276918846,-113.5384964,Riverbend Stake 29,0
Bearspaw Chapel,Blackmud Creek Ward,Gateway Stake,2,4,190,20,2,BLACKMUD CREEK,503500.0,120,53.42374423,-113.5051636,Gateway Stake 82,0
Londonberry Chapel,Clareview Ward,Bonnie Doon Stake,2,2,110,30,1,CLAREVIEW,837500.0,90,53.55056740256591,-113.4548124,Bonnie Doon Stake 68,2
Riverbend Stake Centre,Rutherford Ward,Riverbend Stake,2,0,174,17,1,RUTHERFORD,1154500.0,90,53.42045712828527,-113.5399461,Riverbend Stake 30,0
Bonnie Doon Stake Centre,Connors Hill Ward,Bonnie Doon Stake,2,0,212,16,1,CONNORS HILL,837500.0,60,53.55056740256591,-113.4548124,Bonnie Doon Stake 69,2
Gateway Stake Centre ,Silver Berry Ward,Gateway Stake,2,0,150,20,1,SILVER BERRY,162000.0,90,53.45921603129749,-113.3818037,Gateway Stake 83,1
Riverbend Stake Centre,Terwillegar Park Ward,Riverbend Stake,2,3,195,16,1,TERWILLEGAR PARK,703525.0,30,53.44964276918846,-113.5384964,Riverbend Stake 31,0
Bearspaw Chapel,Lee Ridge Ward,Gateway Stake,3,0,100,27,2,LEE RIDGE,28618500.0,30,53.47232073,-113.4502878,Gateway Stake 84,1
Riverbend Stake Centre,Rutherford Ward,Riverbend Stake,2,2,100,9,1,RUTHERFORD,1154500.0,30,53.42045712828527,-113.5399461,Riverbend Stake 32,0
Bonnie Doon Stake Centre,Southgate Ward,Bonnie Doon Stake,2,0,147,23,1,SOUTHGATE,837500.0,60,53.55056740256591,-113.4548124,Bonnie Doon Stake 70,2
Londonberry Chapel,Londonderry Ward,Bonnie Doon Stake,1,2,6,7,1,LONDONDERRY,837500.0,30,53.55056740256591,-113.4548124,Bonnie Doon Stake 71,2
Gateway Stake Centre ,Crawford Plains Ward,Gateway Stake,2,0,246,30,2,CRAWFORD PLAINS,140000.0,60,53.44341912235957,-113.4026104,Gateway Stake 85,1
Gateway Stake Centre ,Crawford Plains Ward,Gateway Stake,2,3,131,25,1,CRAWFORD PLAINS,140000.0,60,53.44341912235957,-113.4026104,Gateway Stake 86,1
Riverbend Stake Centre,Rutherford Ward,Riverbend Stake,2,2,172,16,1,RUTHERFORD,1154500.0,30,53.42045712828527,-113.5399461,Riverbend Stake 33,0
Edmonton North Stake Centre,Griesbach Ward,Edmonton North Stake,4,0,301,19,2,GRIESBACH,6666500.0,60,53.61346820073056,-113.5157507,Edmonton North Stake 18,3
Gateway Stake Centre ,Ellerslie Ward,Gateway Stake,2,0,236,40,1,ELLERSLIE,797500.0,90,53.43159314034627,-113.44636,Gateway Stake 87,1
Bearspaw Chapel,Lee Ridge Ward,Gateway Stake,1,4,19,22,1,LEE RIDGE,28618500.0,30,53.47232073,-113.4502878,Gateway Stake 88,1
Riverbend Stake Centre,Greenfield Ward,Riverbend Stake,2,4,120,16,1,GREENFIELD,295500.0,60,53.476048825243744,-113.5371848,Riverbend Stake 34,0
Bearspaw Chapel,Southgate Ward,Bonnie Doon Stake,2,0,300,56,3,SOUTHGATE,837500.0,90,53.55056740256591,-113.4548124,Bonnie Doon Stake 72,2
Gateway Stake Centre ,Lee Ridge Ward,Gateway Stake,5,2,27,31,1,LEE RIDGE,28618500.0,90,53.47232073,-113.4502878,Gateway Stake 89,1
Gateway Stake Centre ,Silver Berry Ward,Gateway Stake,1,3,236,32,1,SILVER BERRY,162000.0,60,53.45921603129749,-113.3818037,Gateway Stake 90,1
Bearspaw Chapel,Blackmud Creek Ward,Gateway Stake,3,0,90,30,1,BLACKMUD CREEK,503500.0,30,53.42374423,-113.5051636,Gateway Stake 91,0
Riverbend Stake Centre,Rabbit Hill Ward,Riverbend Stake,4,3,145,21,2,RABBIT HILL,703525.0,90,53.44964276918846,-113.5384964,Riverbend Stake 35,0
Riverbend Stake Centre,Terwillegar Park Ward,Riverbend Stake,6,3,171,50,1,TERWILLEGAR PARK,703525.0,60,53.44964276918846,-113.5384964,Riverbend Stake 36,0
Edmonton North Stake Centre,Namao Ward,Edmonton North Stake,1,1,240,31,1,NAMAO,6666500.0,60,53.61346820073055,-113.5157507,Edmonton North Stake 19,3
Riverbend Stake Centre,Terwillegar Park Ward,Riverbend Stake,2,1,223,100,1,TERWILLEGAR PARK,703525.0,120,53.44964276918846,-113.5384964,Riverbend Stake 37,0
Londonberry Chapel,Clareview Ward,Bonnie Doon Stake,1,2,160,19,1,CLAREVIEW,837500.0,90,53.55056740256591,-113.4548124,Bonnie Doon Stake 73,2
Bearspaw Chapel,Blackmud Creek Ward,Gateway Stake,2,4,186,21,1,BLACKMUD CREEK,503500.0,120,53.42374423,-113.5051636,Gateway Stake 92,0
Gateway Stake Centre ,Crawford Plains Ward,Gateway Stake,2,2,200,30,2,CRAWFORD PLAINS,140000.0,60,53.44341912235957,-113.4026104,Gateway Stake 93,1
Riverbend Stake Centre,Rabbit Hill Ward,Riverbend Stake,2,2,500,58,3,RABBIT HILL,703525.0,90,53.44964276918846,-113.5384964,Riverbend Stake 38,0
Londonberry Chapel,Clareview Ward,Bonnie Doon Stake,2,1,126,9,1,CLAREVIEW,837500.0,30,53.55056740256591,-113.4548124,Bonnie Doon Stake 74,2
Bearspaw Chapel,Lee Ridge Ward,Gateway Stake,1,2,147,36,2,LEE RIDGE,28618500.0,90,53.47232073,-113.4502878,Gateway Stake 94,1
Gateway Stake Centre ,Lee Ridge Ward,Gateway Stake,2,0,137,28,1,LEE RIDGE,28618500.0,60,53.47232073,-113.4502878,Gateway Stake 95,1
Bearspaw Chapel,Southgate Ward,Bonnie Doon Stake,2,4,158,35,1,SOUTHGATE,837500.0,90,53.55056740256591,-113.4548124,Bonnie Doon Stake 75,2
Londonberry Chapel,Clareview Ward,Bonnie Doon Stake,2,0,19,19,2,CLAREVIEW,837500.0,90,53.55056740256591,-113.4548124,Bonnie Doon Stake 76,2
Gateway Stake Centre ,Silver Berry Ward,Gateway Stake,3,0,175,30,1,SILVER BERRY,162000.0,30,53.45921603129749,-113.3818037,Gateway Stake 96,1
Riverbend Stake Centre,Greenfield Ward,Riverbend Stake,2,2,197,45,1,GREENFIELD,295500.0,60,53.476048825243744,-113.5371848,Riverbend Stake 39,0
Edmonton North Stake Centre,Griesbach Ward,Edmonton North Stake,1,3,96,16,1,GRIESBACH,6666500.0,30,53.61346820073056,-113.5157507,Edmonton North Stake 20,3
Riverbend Stake Centre,Terwillegar Park Ward,Riverbend Stake,5,0,326,53,2,TERWILLEGAR PARK,703525.0,90,53.44964276918846,-113.5384964,Riverbend Stake 40,0
Riverbend Stake Centre,Rutherford Ward,Riverbend Stake,2,0,139,19,1,RUTHERFORD,1154500.0,60,53.42045712828527,-113.5399461,Riverbend Stake 41,0
Londonberry Chapel,Clareview Ward,Bonnie Doon Stake,1,1,300,27,3,CLAREVIEW,837500.0,30,53.55056740256591,-113.4548124,Bonnie Doon Stake 77,2
Gateway Stake Centre ,Blackmud Creek Ward,Gateway Stake,2,6,300,50,2,BLACKMUD CREEK,503500.0,120,53.42374423,-113.5051636,Gateway Stake 97,0
Bonnie Doon Stake Centre,Forest Heights Ward,Bonnie Doon Stake,1,0,50,10,1,FOREST HEIGHTS,837500.0,60,53.55056740256592,-113.4548124,Bonnie Doon Stake 78,2
Bearspaw Chapel,Lee Ridge Ward,Gateway Stake,1,2,0,45,1,LEE RIDGE,28618500.0,90,53.47232073,-113.4502878,Gateway Stake 98,1
Riverbend Stake Centre,Rutherford Ward,Riverbend Stake,3,0,350,45,2,RUTHERFORD,1154500.0,90,53.42045712828527,-113.5399461,Riverbend Stake 42,0
Gateway Stake Centre ,Silver Berry Ward,Gateway Stake,4,1,203,30,1,SILVER BERRY,162000.0,90,53.45921603129749,-113.3818037,Gateway Stake 99,1
Londonberry Chapel,Londonderry Ward,Bonnie Doon Stake,2,0,31,39,1,LONDONDERRY,837500.0,60,53.55056740256591,-113.4548124,Bonnie Doon Stake 79,2
Londonberry Chapel,Londonderry Ward,Bonnie Doon Stake,2,0,50,40,1,LONDONDERRY,837500.0,90,53.55056740256591,-113.4548124,Bonnie Doon Stake 80,2
Gateway Stake Centre ,Ellerslie Ward,Gateway Stake,2,1,176,20,2,ELLERSLIE,797500.0,90,53.43159314034627,-113.44636,Gateway Stake 100,1
Riverbend Stake Centre,Rabbit Hill Ward,Riverbend Stake,3,1,354,59,2,RABBIT HILL,703525.0,90,53.44964276918846,-113.5384964,Riverbend Stake 43,0
Gateway Stake Centre ,Crawford Plains Ward,Gateway Stake,2,2,100,12,1,CRAWFORD PLAINS,140000.0,60,53.44341912235957,-113.4026104,Gateway Stake 101,1
Bonnie Doon Stake Centre,Connors Hill Ward,Bonnie Doon Stake,1,2,185,25,2,CONNORS HILL,837500.0,120,53.55056740256591,-113.4548124,Bonnie Doon Stake 81,2
Londonberry Chapel,Londonderry Ward,Bonnie Doon Stake,2,0,30,40,1,LONDONDERRY,837500.0,90,53.55056740256591,-113.4548124,Bonnie Doon Stake 82,2
Gateway Stake Centre ,Silver Berry Ward,Gateway Stake,2,0,174,25,1,SILVER BERRY,162000.0,60,53.45921603129749,-113.3818037,Gateway Stake 102,1
Riverbend Stake Centre,Rabbit Hill Ward,Riverbend Stake,1,5,66,12,2,RABBIT HILL,703525.0,30,53.44964276918846,-113.5384964,Riverbend Stake 44,0
Gateway Stake Centre ,Crawford Plains Ward,Gateway Stake,3,8,400,41,3,CRAWFORD PLAINS,140000.0,120,53.44341912235957,-113.4026104,Gateway Stake 103,1
Edmonton North Stake Centre,Griesbach Ward,Edmonton North Stake,2,0,160,32,1,GRIESBACH,6666500.0,120,53.61346820073056,-113.5157507,Edmonton North Stake 21,3
Riverbend Stake Centre,Greenfield Ward,Riverbend Stake,2,3,209,80,1,GREENFIELD,295500.0,90,53.476048825243744,-113.5371848,Riverbend Stake 45,0
Gateway Stake Centre ,Rio Vista Ward,Gateway Stake,1,0,138,4,1,RIO VISTA,8015783.871,30,53.44895453413155,-113.4371288,Gateway Stake 104,1
Londonberry Chapel,Clareview Ward,Bonnie Doon Stake,0,2,0,30,1,CLAREVIEW,837500.0,60,53.55056740256591,-113.4548124,Bonnie Doon Stake 83,2
Bonnie Doon Stake Centre,Connors Hill Ward,Bonnie Doon Stake,2,0,242,46,1,CONNORS HILL,837500.0,90,53.55056740256591,-113.4548124,Bonnie Doon Stake 84,2
Bonnie Doon Stake Centre,Connors Hill Ward,Bonnie Doon Stake,2,0,150,25,1,CONNORS HILL,837500.0,60,53.55056740256591,-113.4548124,Bonnie Doon Stake 85,2
Londonberry Chapel,Londonderry Ward,Bonnie Doon Stake,2,9,20,26,1,LONDONDERRY,837500.0,60,53.55056740256591,-113.4548124,Bonnie Doon Stake 86,2
Riverbend Stake Centre,Terwillegar Park Ward,Riverbend Stake,4,0,346,73,1,TERWILLEGAR PARK,703525.0,90,53.44964276918846,-113.5384964,Riverbend Stake 46,0
Edmonton North Stake Centre,Namao Ward,Edmonton North Stake,3,0,135,14,1,NAMAO,6666500.0,90,53.61346820073055,-113.5157507,Edmonton North Stake 22,3
Riverbend Stake Centre,Terwillegar Park Ward,Riverbend Stake,4,0,250,54,1,TERWILLEGAR PARK,703525.0,60,53.44964276918846,-113.5384964,Riverbend Stake 47,0
Gateway Stake Centre ,Lee Ridge Ward,Gateway Stake,1,2,166,24,1,LEE RIDGE,28618500.0,90,53.47232073,-113.4502878,Gateway Stake 105,1
Gateway Stake Centre ,Ellerslie Ward,Gateway Stake,1,1,200,58,3,ELLERSLIE,797500.0,30,53.43159314034627,-113.44636,Gateway Stake 106,1
Gateway Stake Centre ,Ellerslie Ward,Gateway Stake,3,2,207,36,1,ELLERSLIE,797500.0,60,53.43159314034627,-113.44636,Gateway Stake 107,1
Riverbend Stake Centre,Woodbend Ward,Riverbend Stake,4,4,100,25,1,WOODBEND,703525.0,30,53.44964276918846,-113.5384964,Riverbend Stake 48,0
Riverbend Stake Centre,Woodbend Ward,Riverbend Stake,4,1,60,14,1,WOODBEND,703525.0,60,53.44964276918846,-113.5384964,Riverbend Stake 49,0
Riverbend Stake Centre,Terwillegar Park Ward,Riverbend Stake,1,4,250,56,1,TERWILLEGAR PARK,703525.0,90,53.44964276918846,-113.5384964,Riverbend Stake 50,0
Gateway Stake Centre ,Ellerslie Ward,Gateway Stake,1,1,100,30,2,ELLERSLIE,797500.0,90,53.43159314034627,-113.44636,Gateway Stake 108,1
Gateway Stake Centre ,Silver Berry Ward,Gateway Stake,2,4,264,35,1,SILVER BERRY,162000.0,60,53.45921603129749,-113.3818037,Gateway Stake 109,1
Londonberry Chapel,Clareview Ward,Bonnie Doon Stake,1,0,65,70,2,CLAREVIEW,837500.0,90,53.55056740256591,-113.4548124,Bonnie Doon Stake 87,2
Londonberry Chapel,Clareview Ward,Bonnie Doon Stake,2,0,49,73,3,CLAREVIEW,837500.0,120,53.55056740256591,-113.4548124,Bonnie Doon Stake 88,2
Gateway Stake Centre ,Ellerslie Ward,Gateway Stake,2,2,205,10,2,ELLERSLIE,797500.0,60,53.43159314034627,-113.44636,Gateway Stake 110,1
Riverbend Stake Centre,Terwillegar Park Ward,Riverbend Stake,2,0,160,42,1,TERWILLEGAR PARK,703525.0,90,53.44964276918846,-113.5384964,Riverbend Stake 51,0
Edmonton North Stake Centre,Namao Ward,Edmonton North Stake,2,1,106,23,1,NAMAO,6666500.0,60,53.61346820073055,-113.5157507,Edmonton North Stake 23,3
Riverbend Stake Centre,Terwillegar Park Ward,Riverbend Stake,3,0,195,29,1,TERWILLEGAR PARK,703525.0,90,53.44964276918846,-113.5384964,Riverbend Stake 52,0
Gateway Stake Centre ,Crawford Plains Ward,Gateway Stake,2,1,140,20,1,CRAWFORD PLAINS,140000.0,90,53.44341912235957,-113.4026104,Gateway Stake 111,1
Bearspaw Chapel,Rabbit Hill Ward,Riverbend Stake,2,4,127,58,1,RABBIT HILL,703525.0,90,53.44964276918846,-113.5384964,Riverbend Stake 53,0
Riverbend Stake Centre,Rabbit Hill Ward,Riverbend Stake,2,0,175,25,2,RABBIT HILL,703525.0,90,53.44964276918846,-113.5384964,Riverbend Stake 54,0
Edmonton North Stake Centre,Namao Ward,Edmonton North Stake,2,0,200,22,1,NAMAO,6666500.0,60,53.61346820073055,-113.5157507,Edmonton North Stake 24,3
Riverbend Stake Centre,Terwillegar Park Ward,Riverbend Stake,4,9,171,26,1,TERWILLEGAR PARK,703525.0,90,53.44964276918846,-113.5384964,Riverbend Stake 55,0
Gateway Stake Centre ,Crawford Plains Ward,Gateway Stake,2,4,245,25,2,CRAWFORD PLAINS,140000.0,60,53.44341912235957,-113.4026104,Gateway Stake 112,1
Bearspaw Chapel,Southgate Ward,Bonnie Doon Stake,2,2,150,46,2,SOUTHGATE,837500.0,120,53.55056740256591,-113.4548124,Bonnie Doon Stake 89,2
Edmonton North Stake Centre,Griesbach Ward,Edmonton North Stake,2,0,150,16,1,GRIESBACH,6666500.0,60,53.61346820073056,-113.5157507,Edmonton North Stake 25,3
Riverbend Stake Centre,Rutherford Ward,Riverbend Stake,2,4,136,20,1,RUTHERFORD,1154500.0,30,53.42045712828527,-113.5399461,Riverbend Stake 56,0
Riverbend Stake Centre,Terwillegar Park Ward,Riverbend Stake,3,2,164,30,1,TERWILLEGAR PARK,703525.0,90,53.44964276918846,-113.5384964,Riverbend Stake 57,0
Gateway Stake Centre ,Ellerslie Ward,Gateway Stake,2,4,300,75,3,ELLERSLIE,797500.0,90,53.43159314034627,-113.44636,Gateway Stake 113,1
Londonberry Chapel,Clareview Ward,Bonnie Doon Stake,1,0,225,80,2,CLAREVIEW,837500.0,90,53.55056740256591,-113.4548124,Bonnie Doon Stake 90,2
Gateway Stake Centre ,Ellerslie Ward,Gateway Stake,2,3,230,42,2,ELLERSLIE,797500.0,60,53.43159314034627,-113.44636,Gateway Stake 114,1
Bearspaw Chapel,Lee Ridge Ward,Gateway Stake,2,2,0,55,3,LEE RIDGE,28618500.0,30,53.47232073,-113.4502878,Gateway Stake 115,1
Gateway Stake Centre ,Rio Vista Ward,Gateway Stake,1,1,312,150,2,RIO VISTA,8015783.871,90,53.44895453413155,-113.4371288,Gateway Stake 116,1
Gateway Stake Centre ,Lee Ridge Ward,Gateway Stake,2,2,159,15,1,LEE RIDGE,28618500.0,60,53.47232073,-113.4502878,Gateway Stake 117,1
Riverbend Stake Centre,Rabbit Hill Ward,Riverbend Stake,4,2,428,75,2,RABBIT HILL,703525.0,120,53.44964276918846,-113.5384964,Riverbend Stake 58,0
Riverbend Stake Centre,Terwillegar Park Ward,Riverbend Stake,1,2,100,12,1,TERWILLEGAR PARK,703525.0,60,53.44964276918846,-113.5384964,Riverbend Stake 59,0
Gateway Stake Centre ,Ellerslie Ward,Gateway Stake,1,5,239,32,2,ELLERSLIE,797500.0,30,53.43159314034627,-113.44636,Gateway Stake 118,1
Gateway Stake Centre ,Crawford Plains Ward,Gateway Stake,2,0,400,50,3,CRAWFORD PLAINS,140000.0,120,53.44341912235957,-113.4026104,Gateway Stake 119,1
Londonberry Chapel,Clareview Ward,Bonnie Doon Stake,2,2,90,17,2,CLAREVIEW,837500.0,60,53.55056740256591,-113.4548124,Bonnie Doon Stake 91,2
Edmonton North Stake Centre,Griesbach Ward,Edmonton North Stake,3,0,300,24,2,GRIESBACH,6666500.0,60,53.61346820073056,-113.5157507,Edmonton North Stake 26,3
Bearspaw Chapel,Blackmud Creek Ward,Gateway Stake,2,1,260,100,1,BLACKMUD CREEK,503500.0,120,53.42374423,-113.5051636,Gateway Stake 120,0
Londonberry Chapel,Londonderry Ward,Bonnie Doon Stake,2,3,16,19,2,LONDONDERRY,837500.0,30,53.55056740256591,-113.4548124,Bonnie Doon Stake 92,2
Londonberry Chapel,Clareview Ward,Bonnie Doon Stake,2,2,125,21,2,CLAREVIEW,837500.0,60,53.55056740256591,-113.4548124,Bonnie Doon Stake 93,2
Riverbend Stake Centre,Greenfield Ward,Riverbend Stake,1,1,184,45,1,GREENFIELD,295500.0,90,53.476048825243744,-113.5371848,Riverbend Stake 60,0
Riverbend Stake Centre,Woodbend Ward,Riverbend Stake,1,3,600,118,2,WOODBEND,703525.0,120,53.44964276918846,-113.5384964,Riverbend Stake 61,0
Gateway Stake Centre ,Crawford Plains Ward,Gateway Stake,1,2,134,30,1,CRAWFORD PLAINS,140000.0,90,53.44341912235957,-113.4026104,Gateway Stake 121,1
Gateway Stake Centre ,Rio Vista Ward,Gateway Stake,2,0,270,50,2,RIO VISTA,8015783.871,60,53.44895453413155,-113.4371288,Gateway Stake 122,1
Riverbend Stake Centre,Rabbit Hill Ward,Riverbend Stake,3,2,500,65,1,RABBIT HILL,703525.0,90,53.44964276918846,-113.5384964,Riverbend Stake 62,0
Gateway Stake Centre ,Crawford Plains Ward,Gateway Stake,1,0,138,6,1,CRAWFORD PLAINS,140000.0,90,53.44341912235957,-113.4026104,Gateway Stake 123,1
Gateway Stake Centre ,Crawford Plains Ward,Gateway Stake,2,2,119,14,1,CRAWFORD PLAINS,140000.0,30,53.44341912235957,-113.4026104,Gateway Stake 124,1
Riverbend Stake Centre,Terwillegar Park Ward,Riverbend Stake,5,0,326,53,2,TERWILLEGAR PARK,703525.0,60,53.44964276918846,-113.5384964,Riverbend Stake 63,0
Edmonton North Stake Centre,Namao Ward,Edmonton North Stake,2,2,70,7,2,NAMAO,6666500.0,60,53.61346820073055,-113.5157507,Edmonton North Stake 27,3
Gateway Stake Centre ,Crawford Plains Ward,Gateway Stake,4,0,278,35,1,CRAWFORD PLAINS,140000.0,60,53.44341912235957,-113.4026104,Gateway Stake 125,1
Riverbend Stake Centre,Rutherford Ward,Riverbend Stake,3,0,329,15,1,RUTHERFORD,1154500.0,60,53.42045712828527,-113.5399461,Riverbend Stake 64,0
Bearspaw Chapel,Lee Ridge Ward,Gateway Stake,1,1,152,30,1,LEE RIDGE,28618500.0,60,53.47232073,-113.4502878,Gateway Stake 126,1
Riverbend Stake Centre,Greenfield Ward,Riverbend Stake,2,3,210,25,1,GREENFIELD,295500.0,60,53.476048825243744,-113.5371848,Riverbend Stake 65,0
Londonberry Chapel,Clareview Ward,Bonnie Doon Stake,2,1,18,25,1,CLAREVIEW,837500.0,30,53.55056740256591,-113.4548124,Bonnie Doon Stake 94,2
Gateway Stake Centre ,Ellerslie Ward,Gateway Stake,2,3,205,25,1,ELLERSLIE,797500.0,60,53.43159314034627,-113.44636,Gateway Stake 127,1
Gateway Stake Centre ,Silver Berry Ward,Gateway Stake,3,0,168,25,1,SILVER BERRY,162000.0,30,53.45921603129749,-113.3818037,Gateway Stake 128,1
Gateway Stake Centre ,Ellerslie Ward,Gateway Stake,2,5,216,46,1,ELLERSLIE,797500.0,90,53.43159314034627,-113.44636,Gateway Stake 129,1
Edmonton North Stake Centre,Namao Ward,Edmonton North Stake,1,4,100,18,1,NAMAO,6666500.0,120,53.61346820073055,-113.5157507,Edmonton North Stake 28,3
Riverbend Stake Centre,Greenfield Ward,Riverbend Stake,2,4,200,49,1,GREENFIELD,295500.0,60,53.476048825243744,-113.5371848,Riverbend Stake 66,0
Bonnie Doon Stake Centre,Forest Heights Ward,Bonnie Doon Stake,3,0,200,30,1,FOREST HEIGHTS,837500.0,120,53.55056740256592,-113.4548124,Bonnie Doon Stake 95,2
Bearspaw Chapel,Lee Ridge Ward,Gateway Stake,2,2,410,45,3,LEE RIDGE,28618500.0,90,53.47232073,-113.4502878,Gateway Stake 130,1
Gateway Stake Centre ,Lee Ridge Ward,Gateway Stake,1,2,146,25,1,LEE RIDGE,28618500.0,90,53.47232073,-113.4502878,Gateway Stake 131,1
Riverbend Stake Centre,Terwillegar Park Ward,Riverbend Stake,1,2,262,40,1,TERWILLEGAR PARK,703525.0,90,53.44964276918846,-113.5384964,Riverbend Stake 67,0
Bonnie Doon Stake Centre,Connors Hill Ward,Bonnie Doon Stake,2,3,241,23,2,CONNORS HILL,837500.0,30,53.55056740256591,-113.4548124,Bonnie Doon Stake 96,2
Edmonton North Stake Centre,Namao Ward,Edmonton North Stake,2,2,498,55,1,NAMAO,6666500.0,120,53.61346820073055,-113.5157507,Edmonton North Stake 29,3
Bonnie Doon Stake Centre,Connors Hill Ward,Bonnie Doon Stake,4,0,167,30,1,CONNORS HILL,837500.0,30,53.55056740256591,-113.4548124,Bonnie Doon Stake 97,2
Bonnie Doon Stake Centre,Connors Hill Ward,Bonnie Doon Stake,2,1,25,12,1,CONNORS HILL,837500.0,90,53.55056740256591,-113.4548124,Bonnie Doon Stake 98,2
Bearspaw Chapel,Blackmud Creek Ward,Gateway Stake,2,3,240,35,1,BLACKMUD CREEK,503500.0,60,53.42374423,-113.5051636,Gateway Stake 132,0
Riverbend Stake Centre,Terwillegar Park Ward,Riverbend Stake,2,0,150,34,1,TERWILLEGAR PARK,703525.0,60,53.44964276918846,-113.5384964,Riverbend Stake 68,0
Gateway Stake Centre ,Ellerslie Ward,Gateway Stake,2,1,500,62,2,ELLERSLIE,797500.0,60,53.43159314034627,-113.44636,Gateway Stake 133,1
Bonnie Doon Stake Centre,Connors Hill Ward,Bonnie Doon Stake,2,3,209,15,2,CONNORS HILL,837500.0,30,53.55056740256591,-113.4548124,Bonnie Doon Stake 99,2
Riverbend Stake Centre,Terwillegar Park Ward,Riverbend Stake,2,4,312,60,2,TERWILLEGAR PARK,703525.0,120,53.44964276918846,-113.5384964,Riverbend Stake 69,0
Gateway Stake Centre ,Rio Vista Ward,Gateway Stake,2,1,149,25,1,RIO VISTA,8015783.871,60,53.44895453413155,-113.4371288,Gateway Stake 134,1
Bonnie Doon Stake Centre,Connors Hill Ward,Bonnie Doon Stake,4,0,167,25,1,CONNORS HILL,837500.0,30,53.55056740256591,-113.4548124,Bonnie Doon Stake 100,2
Bonnie Doon Stake Centre,Connors Hill Ward,Bonnie Doon Stake,1,0,522,80,2,CONNORS HILL,837500.0,120,53.55056740256591,-113.4548124,Bonnie Doon Stake 101,2
Edmonton North Stake Centre,Griesbach Ward,Edmonton North Stake,3,0,800,66,3,GRIESBACH,6666500.0,120,53.61346820073056,-113.5157507,Edmonton North Stake 30,3
Gateway Stake Centre ,Beaumont Ward,Gateway Stake,1,0,115,7,1,BEAUMONT,8015783.871,60,53.44895453413155,-113.4371288,Gateway Stake 135,1
Riverbend Stake Centre,Woodbend Ward,Riverbend Stake,2,4,250,47,1,WOODBEND,703525.0,60,53.44964276918846,-113.5384964,Riverbend Stake 70,0
Riverbend Stake Centre,Rabbit Hill Ward,Riverbend Stake,2,0,282,54,3,RABBIT HILL,703525.0,60,53.44964276918846,-113.5384964,Riverbend Stake 71,0
Riverbend Stake Centre,Greenfield Ward,Riverbend Stake,2,3,180,42,1,GREENFIELD,295500.0,90,53.476048825243744,-113.5371848,Riverbend Stake 72,0
Bearspaw Chapel,Blackmud Creek Ward,Gateway Stake,3,4,377,71,2,BLACKMUD CREEK,503500.0,90,53.42374423,-113.5051636,Gateway Stake 136,0
Riverbend Stake Centre,Terwillegar Park Ward,Riverbend Stake,2,2,101,19,1,TERWILLEGAR PARK,703525.0,90,53.44964276918846,-113.5384964,Riverbend Stake 73,0
Londonberry Chapel,Clareview Ward,Bonnie Doon Stake,2,1,0,5,1,CLAREVIEW,837500.0,30,53.55056740256591,-113.4548124,Bonnie Doon Stake 102,2
Gateway Stake Centre ,Ellerslie Ward,Gateway Stake,2,0,140,17,1,ELLERSLIE,797500.0,30,53.43159314034627,-113.44636,Gateway Stake 137,1
Edmonton North Stake Centre,Griesbach Ward,Edmonton North Stake,2,5,142,20,1,GRIESBACH,6666500.0,60,53.61346820073056,-113.5157507,Edmonton North Stake 31,3
Londonberry Chapel,Londonderry Ward,Bonnie Doon Stake,1,1,8,10,1,LONDONDERRY,837500.0,60,53.55056740256591,-113.4548124,Bonnie Doon Stake 103,2
Riverbend Stake Centre,Greenfield Ward,Riverbend Stake,2,3,211,37,1,GREENFIELD,295500.0,60,53.476048825243744,-113.5371848,Riverbend Stake 74,0
Bearspaw Chapel,Blackmud Creek Ward,Gateway Stake,2,3,200,25,1,BLACKMUD CREEK,503500.0,60,53.42374423,-113.5051636,Gateway Stake 138,0
Bonnie Doon Stake Centre,Forest Heights Ward,Bonnie Doon Stake,2,2,225,20,1,FOREST HEIGHTS,837500.0,30,53.55056740256592,-113.4548124,Bonnie Doon Stake 104,2
Riverbend Stake Centre,Greenfield Ward,Riverbend Stake,2,0,500,38,1,GREENFIELD,295500.0,60,53.476048825243744,-113.5371848,Riverbend Stake 75,0
Riverbend Stake Centre,Woodbend Ward,Riverbend Stake,2,4,300,50,1,WOODBEND,703525.0,90,53.44964276918846,-113.5384964,Riverbend Stake 76,0
Bearspaw Chapel,Lee Ridge Ward,Gateway Stake,4,0,155,21,1,LEE RIDGE,28618500.0,30,53.47232073,-113.4502878,Gateway Stake 139,1
Gateway Stake Centre ,Crawford Plains Ward,Gateway Stake,2,0,171,12,1,CRAWFORD PLAINS,140000.0,60,53.44341912235957,-113.4026104,Gateway Stake 140,1
Riverbend Stake Centre,Terwillegar Park Ward,Riverbend Stake,3,1,192,37,1,TERWILLEGAR PARK,703525.0,90,53.44964276918846,-113.5384964,Riverbend Stake 77,0
Riverbend Stake Centre,Rabbit Hill Ward,Riverbend Stake,3,0,215,38,1,RABBIT HILL,703525.0,90,53.44964276918846,-113.5384964,Riverbend Stake 78,0
Gateway Stake Centre ,Silver Berry Ward,Gateway Stake,3,4,188,27,3,SILVER BERRY,162000.0,60,53.45921603129749,-113.3818037,Gateway Stake 141,1
Riverbend Stake Centre,Rabbit Hill Ward,Riverbend Stake,2,0,302,65,1,RABBIT HILL,703525.0,90,53.44964276918846,-113.5384964,Riverbend Stake 79,0
Riverbend Stake Centre,Rutherford Ward,Riverbend Stake,2,2,360,30,2,RUTHERFORD,1154500.0,90,53.42045712828527,-113.5399461,Riverbend Stake 80,0
Edmonton North Stake Centre,Namao Ward,Edmonton North Stake,5,10,800,95,1,NAMAO,6666500.0,90,53.61346820073055,-113.5157507,Edmonton North Stake 32,3
Riverbend Stake Centre,Terwillegar Park Ward,Riverbend Stake,2,3,300,40,2,TERWILLEGAR PARK,703525.0,90,53.44964276918846,-113.5384964,Riverbend Stake 81,0
Riverbend Stake Centre,Rutherford Ward,Riverbend Stake,4,2,289,55,2,RUTHERFORD,1154500.0,90,53.42045712828527,-113.5399461,Riverbend Stake 82,0
Gateway Stake Centre ,Rio Vista Ward,Gateway Stake,1,3,151,34,1,RIO VISTA,8015783.871,60,53.44895453413155,-113.4371288,Gateway Stake 142,1
Edmonton North Stake Centre,Griesbach Ward,Edmonton North Stake,2,0,800,57,1,GRIESBACH,6666500.0,120,53.61346820073056,-113.5157507,Edmonton North Stake 33,3
Londonberry Chapel,Londonderry Ward,Bonnie Doon Stake,2,0,40,3,1,LONDONDERRY,837500.0,60,53.55056740256591,-113.4548124,Bonnie Doon Stake 105,2
Riverbend Stake Centre,Greenfield Ward,Riverbend Stake,2,2,200,42,1,GREENFIELD,295500.0,60,53.476048825243744,-113.5371848,Riverbend Stake 83,0
Riverbend Stake Centre,Woodbend Ward,Riverbend Stake,2,2,300,35,1,WOODBEND,703525.0,60,53.44964276918846,-113.5384964,Riverbend Stake 84,0
Gateway Stake Centre ,Crawford Plains Ward,Gateway Stake,2,2,257,31,2,CRAWFORD PLAINS,140000.0,90,53.44341912235957,-113.4026104,Gateway Stake 143,1
Edmonton North Stake Centre,Namao Ward,Edmonton North Stake,1,1,433,39,1,NAMAO,6666500.0,60,53.61346820073055,-113.5157507,Edmonton North Stake 34,3
Riverbend Stake Centre,Terwillegar Park Ward,Riverbend Stake,1,2,182,43,2,TERWILLEGAR PARK,703525.0,120,53.44964276918846,-113.5384964,Riverbend Stake 85,0
Gateway Stake Centre ,Rio Vista Ward,Gateway Stake,1,4,300,40,1,RIO VISTA,8015783.871,90,53.44895453413155,-113.4371288,Gateway Stake 144,1
Edmonton North Stake Centre,Griesbach Ward,Edmonton North Stake,1,2,212,20,1,GRIESBACH,6666500.0,30,53.61346820073056,-113.5157507,Edmonton North Stake 35,3
Edmonton North Stake Centre,Namao Ward,Edmonton North Stake,2,2,400,123,3,NAMAO,6666500.0,120,53.61346820073055,-113.5157507,Edmonton North Stake 36,3
Riverbend Stake Centre,Rabbit Hill Ward,Riverbend Stake,2,0,132,16,1,RABBIT HILL,703525.0,30,53.44964276918846,-113.5384964,Riverbend Stake 86,0
Londonberry Chapel,Londonderry Ward,Bonnie Doon Stake,3,0,50,50,2,LONDONDERRY,837500.0,120,53.55056740256591,-113.4548124,Bonnie Doon Stake 106,2
Gateway Stake Centre ,Silver Berry Ward,Gateway Stake,1,4,245,28,1,SILVER BERRY,162000.0,60,53.45921603129749,-113.3818037,Gateway Stake 145,1
Gateway Stake Centre ,Lee Ridge Ward,Gateway Stake,2,1,160,29,2,LEE RIDGE,28618500.0,60,53.47232073,-113.4502878,Gateway Stake 146,1
Londonberry Chapel,Londonderry Ward,Bonnie Doon Stake,2,0,131,9,2,LONDONDERRY,837500.0,30,53.55056740256591,-113.4548124,Bonnie Doon Stake 107,2
Riverbend Stake Centre,Greenfield Ward,Riverbend Stake,2,0,150,41,1,GREENFIELD,295500.0,90,53.476048825243744,-113.5371848,Riverbend Stake 87,0
Edmonton North Stake Centre,Griesbach Ward,Edmonton North Stake,3,4,32,30,1,GRIESBACH,6666500.0,60,53.61346820073056,-113.5157507,Edmonton North Stake 37,3
Londonberry Chapel,Clareview Ward,Bonnie Doon Stake,1,1,150,45,2,CLAREVIEW,837500.0,120,53.55056740256591,-113.4548124,Bonnie Doon Stake 108,2
Riverbend Stake Centre,Terwillegar Park Ward,Riverbend Stake,3,0,1030,100,1,TERWILLEGAR PARK,703525.0,120,53.44964276918846,-113.5384964,Riverbend Stake 88,0
Gateway Stake Centre ,Silver Berry Ward,Gateway Stake,3,0,233,30,1,SILVER BERRY,162000.0,30,53.45921603129749,-113.3818037,Gateway Stake 147,1
Gateway Stake Centre ,Silver Berry Ward,Gateway Stake,2,2,180,20,1,SILVER BERRY,162000.0,90,53.45921603129749,-113.3818037,Gateway Stake 148,1
Riverbend Stake Centre,Greenfield Ward,Riverbend Stake,2,3,219,50,1,GREENFIELD,295500.0,90,53.476048825243744,-113.5371848,Riverbend Stake 89,0
Londonberry Chapel,Londonderry Ward,Bonnie Doon Stake,2,0,15,12,1,LONDONDERRY,837500.0,30,53.55056740256591,-113.4548124,Bonnie Doon Stake 109,2
Riverbend Stake Centre,Terwillegar Park Ward,Riverbend Stake,2,0,283,51,1,TERWILLEGAR PARK,703525.0,90,53.44964276918846,-113.5384964,Riverbend Stake 90,0
Riverbend Stake Centre,Rabbit Hill Ward,Riverbend Stake,2,1,175,40,3,RABBIT HILL,703525.0,90,53.44964276918846,-113.5384964,Riverbend Stake 91,0
Riverbend Stake Centre,Rabbit Hill Ward,Riverbend Stake,1,5,132,22,2,RABBIT HILL,703525.0,120,53.44964276918846,-113.5384964,Riverbend Stake 92,0
Riverbend Stake Centre,Terwillegar Park Ward,Riverbend Stake,2,3,350,49,2,TERWILLEGAR PARK,703525.0,90,53.44964276918846,-113.5384964,Riverbend Stake 93,0
Gateway Stake Centre ,Crawford Plains Ward,Gateway Stake,2,4,730,64,1,CRAWFORD PLAINS,140000.0,120,53.44341912235957,-113.4026104,Gateway Stake 149,1
Riverbend Stake Centre,Rutherford Ward,Riverbend Stake,1,0,150,20,1,RUTHERFORD,1154500.0,60,53.42045712828527,-113.5399461,Riverbend Stake 94,0
Gateway Stake Centre ,Silver Berry Ward,Gateway Stake,2,2,339,40,1,SILVER BERRY,162000.0,90,53.45921603129749,-113.3818037,Gateway Stake 150,1
Riverbend Stake Centre,Rabbit Hill Ward,Riverbend Stake,2,1,181,60,3,RABBIT HILL,703525.0,120,53.44964276918846,-113.5384964,Riverbend Stake 95,0
Gateway Stake Centre ,Lee Ridge Ward,Gateway Stake,1,1,146,22,1,LEE RIDGE,28618500.0,60,53.47232073,-113.4502878,Gateway Stake 151,1
Gateway Stake Centre ,Ellerslie Ward,Gateway Stake,2,0,225,30,1,ELLERSLIE,797500.0,60,53.43159314034627,-113.44636,Gateway Stake 152,1
Riverbend Stake Centre,Rutherford Ward,Riverbend Stake,2,3,142,23,1,RUTHERFORD,1154500.0,30,53.42045712828527,-113.5399461,Riverbend Stake 96,0
Edmonton North Stake Centre,Griesbach Ward,Edmonton North Stake,2,0,950,133,1,GRIESBACH,6666500.0,120,53.61346820073056,-113.5157507,Edmonton North Stake 38,3
Riverbend Stake Centre,Greenfield Ward,Riverbend Stake,2,4,100,28,1,GREENFIELD,295500.0,60,53.476048825243744,-113.5371848,Riverbend Stake 97,0
Bearspaw Chapel,Lee Ridge Ward,Gateway Stake,4,4,11,16,3,LEE RIDGE,28618500.0,90,53.47232073,-113.4502878,Gateway Stake 153,1
Bearspaw Chapel,Lee Ridge Ward,Gateway Stake,4,4,158,24,3,LEE RIDGE,28618500.0,90,53.47232073,-113.4502878,Gateway Stake 154,1
Gateway Stake Centre ,Crawford Plains Ward,Gateway Stake,1,0,260,200,2,CRAWFORD PLAINS,140000.0,120,53.44341912235957,-113.4026104,Gateway Stake 155,1
Bearspaw Chapel,Lee Ridge Ward,Gateway Stake,2,0,159,29,1,LEE RIDGE,28618500.0,90,53.47232073,-113.4502878,Gateway Stake 156,1
Bearspaw Chapel,Lee Ridge Ward,Gateway Stake,4,4,153,25,3,LEE RIDGE,28618500.0,90,53.47232073,-113.4502878,Gateway Stake 157,1
Gateway Stake Centre ,Rio Vista Ward,Gateway Stake,2,2,126,20,3,RIO VISTA,8015783.871,90,53.44895453413155,-113.4371288,Gateway Stake 158,1
Gateway Stake Centre ,Silver Berry Ward,Gateway Stake,3,4,206,32,3,SILVER BERRY,162000.0,60,53.45921603129749,-113.3818037,Gateway Stake 159,1
Gateway Stake Centre ,Silver Berry Ward,Gateway Stake,3,4,202,27,3,SILVER BERRY,162000.0,60,53.45921603129749,-113.3818037,Gateway Stake 160,1
Edmonton North Stake Centre,Griesbach Ward,Edmonton North Stake,3,1,313,45,2,GRIESBACH,6666500.0,90,53.61346820073056,-113.5157507,Edmonton North Stake 39,3
Edmonton North Stake Centre,Griesbach Ward,Edmonton North Stake,3,1,140,18,1,GRIESBACH,6666500.0,30,53.61346820073056,-113.5157507,Edmonton North Stake 40,3
Edmonton North Stake Centre,Griesbach Ward,Edmonton North Stake,3,0,300,47,2,GRIESBACH,6666500.0,90,53.61346820073056,-113.5157507,Edmonton North Stake 41,3
Edmonton North Stake Centre,Griesbach Ward,Edmonton North Stake,1,4,200,40,2,GRIESBACH,6666500.0,60,53.61346820073056,-113.5157507,Edmonton North Stake 42,3
Edmonton North Stake Centre,Namao Ward,Edmonton North Stake,1,0,151,16,1,NAMAO,6666500.0,90,53.61346820073055,-113.5157507,Edmonton North Stake 43,3
Bearspaw Chapel,Lee Ridge Ward,Gateway Stake,2,4,169,18,1,LEE RIDGE,28618500.0,30,53.47232073,-113.4502878,Gateway Stake 161,1
Bearspaw Chapel,Lee Ridge Ward,Gateway Stake,4,4,165,23,1,LEE RIDGE,28618500.0,30,53.47232073,-113.4502878,Gateway Stake 162,1
Bearspaw Chapel,Lee Ridge Ward,Gateway Stake,4,4,166,10,1,LEE RIDGE,28618500.0,30,53.47232073,-113.4502878,Gateway Stake 163,1
Bearspaw Chapel,Lee Ridge Ward,Gateway Stake,2,4,163,17,1,LEE RIDGE,28618500.0,30,53.47232073,-113.4502878,Gateway Stake 164,1
Bearspaw Chapel,Blackmud Creek Ward,Gateway Stake,2,2,95,20,1,BLACKMUD CREEK,503500.0,30,53.42374423,-113.5051636,Gateway Stake 165,0
Bonnie Doon Stake Centre,Clareview Ward,Bonnie Doon Stake,1,0,40,15,1,CLAREVIEW,837500.0,60,53.55056740256591,-113.4548124,Bonnie Doon Stake 110,2
Bonnie Doon Stake Centre,Clareview Ward,Bonnie Doon Stake,2,1,150,15,1,CLAREVIEW,837500.0,60,53.55056740256591,-113.4548124,Bonnie Doon Stake 111,2
Bonnie Doon Stake Centre,Connors Hill Ward,Bonnie Doon Stake,1,2,100,15,1,CONNORS HILL,837500.0,30,53.55056740256591,-113.4548124,Bonnie Doon Stake 112,2
Bonnie Doon Stake Centre,Londonderry Ward,Bonnie Doon Stake,2,0,50,15,1,LONDONDERRY,837500.0,90,53.55056740256591,-113.4548124,Bonnie Doon Stake 113,2
Bonnie Doon Stake Centre,Forest Heights Ward,Bonnie Doon Stake,1,0,50,20,1,FOREST HEIGHTS,837500.0,30,53.55056740256592,-113.4548124,Bonnie Doon Stake 114,2
Bonnie Doon Stake Centre,Forest Heights Ward,Bonnie Doon Stake,1,0,235,21,1,FOREST HEIGHTS,837500.0,60,53.55056740256592,-113.4548124,Bonnie Doon Stake 115,2
Bonnie Doon Stake Centre,Connors Hill Ward,Bonnie Doon Stake,1,0,200,100,1,CONNORS HILL,837500.0,60,53.55056740256591,-113.4548124,Bonnie Doon Stake 116,2
Bearspaw Chapel,Southgate Ward,Bonnie Doon Stake,3,0,375,58,1,SOUTHGATE,837500.0,90,53.55056740256591,-113.4548124,Bonnie Doon Stake 117,2
Bearspaw Chapel,Lee Ridge Ward,Gateway Stake,2,0,175,30,1,LEE RIDGE,28618500.0,60,53.47232073,-113.4502878,Gateway Stake 166,1
Communities Outside Edmonton,Wainwright Branch,Gateway Stake,2,0,99,11,2,WAINWRIGHT BRANCH,8015783.871,120,53.44895453413155,-113.4371288,Gateway Stake 167,1
Communities Outside Edmonton,Wainwright Branch,Gateway Stake,2,0,153,13,2,WAINWRIGHT BRANCH,8015783.871,120,53.44895453413155,-113.4371288,Gateway Stake 168,1
Bonnie Doon Stake Centre,Connors Hill Ward,Bonnie Doon Stake,5,0,202,26,1,CONNORS HILL,837500.0,90,53.55056740256591,-113.4548124,Bonnie Doon Stake 118,2
Riverbend Stake Centre,Rabbit Hill Ward,Riverbend Stake,2,3,200,60,2,RABBIT HILL,703525.0,90,53.44964276918846,-113.5384964,Riverbend Stake 98,0
Riverbend Stake Centre,Rutherford Ward,Riverbend Stake,2,1,159,19,1,RUTHERFORD,1154500.0,60,53.42045712828527,-113.5399461,Riverbend Stake 99,0
Riverbend Stake Centre,Rutherford Ward,Riverbend Stake,2,4,158,24,1,RUTHERFORD,1154500.0,30,53.42045712828527,-113.5399461,Riverbend Stake 100,0
Riverbend Stake Centre,Rabbit Hill Ward,Riverbend Stake,3,0,132,19,2,RABBIT HILL,703525.0,90,53.44964276918846,-113.5384964,Riverbend Stake 101,0
Bearspaw Chapel,Rabbit Hill Ward,Riverbend Stake,2,0,289,40,2,RABBIT HILL,703525.0,90,53.44964276918846,-113.5384964,Riverbend Stake 102,0
Riverbend Stake Centre,Rabbit Hill Ward,Riverbend Stake,3,0,122,20,2,RABBIT HILL,703525.0,90,53.44964276918846,-113.5384964,Riverbend Stake 103,0
Bearspaw Chapel,Lee Ridge Ward,Gateway Stake,1,1,136,21,2,LEE RIDGE,28618500.0,30,53.47232073,-113.4502878,Gateway Stake 169,1
Bearspaw Chapel,Lee Ridge Ward,Gateway Stake,1,1,166,8,2,LEE RIDGE,28618500.0,30,53.47232073,-113.4502878,Gateway Stake 170,1
Riverbend Stake Centre,Woodbend Ward,Riverbend Stake,3,0,110,10,1,WOODBEND,703525.0,30,53.44964276918846,-113.5384964,Riverbend Stake 104,0
Riverbend Stake Centre,Terwillegar Park Ward,Riverbend Stake,1,1,250,62,1,TERWILLEGAR PARK,703525.0,120,53.44964276918846,-113.5384964,Riverbend Stake 105,0
Riverbend Stake Centre,Woodbend Ward,Riverbend Stake,2,2,60,35,1,WOODBEND,703525.0,90,53.44964276918846,-113.5384964,Riverbend Stake 106,0
Riverbend Stake Centre,Greenfield Ward,Riverbend Stake,2,3,120,31,1,GREENFIELD,295500.0,60,53.476048825243744,-113.5371848,Riverbend Stake 107,0
Riverbend Stake Centre,Greenfield Ward,Riverbend Stake,2,3,200,100,1,GREENFIELD,295500.0,90,53.476048825243744,-113.5371848,Riverbend Stake 108,0
Riverbend Stake Centre,Greenfield Ward,Riverbend Stake,2,0,211,47,1,GREENFIELD,295500.0,60,53.476048825243744,-113.5371848,Riverbend Stake 109,0
Riverbend Stake Centre,Rabbit Hill Ward,Riverbend Stake,2,1,58,6,1,RABBIT HILL,703525.0,30,53.44964276918846,-113.5384964,Riverbend Stake 110,0
Bonnie Doon Stake Centre,Connors Hill Ward,Bonnie Doon Stake,2,0,150,23,1,CONNORS HILL,837500.0,60,53.55056740256591,-113.4548124,Bonnie Doon Stake 119,2
Riverbend Stake Centre,Greenfield Ward,Riverbend Stake,1,0,140,33,1,GREENFIELD,295500.0,90,53.476048825243744,-113.5371848,Riverbend Stake 111,0
Riverbend Stake Centre,Terwillegar Park Ward,Riverbend Stake,3,0,121,45,1,TERWILLEGAR PARK,703525.0,90,53.44964276918846,-113.5384964,Riverbend Stake 112,0
